"id","name","city","grade","address","activeOffers","hasPhoto","hasCoordinates","website","flags","closedStatus","suburbStatus"
"81760656-44e7-47b2-8c7a-9858fbeb0184","Adelaide Botanic Garden","adelaide","A","North Terrace, Adelaide SA","2","true","true","https://www.botanicgardens.sa.gov.au/visit/adelaide-botanic-garden/plan-your-visit","Address absent or area-only","Not independently established; no deletion","Not independently re-geocoded"
"c2829da8-462f-4654-bb25-f5623a7f2db7","Adelaide Central Market","adelaide","B","44–60 Gouger Street, Adelaide SA","0","false","true","https://adelaidecentralmarket.com.au/","No rights-cleared hero; No active offer","Not independently established; no deletion","Not independently re-geocoded"
"9c934b17-136e-4f60-aadb-bb348bf2d9a7","Adelaide Symphony Orchestra","adelaide","B","91 Hindley Street, Adelaide SA 5000","0","false","false","https://www.aso.com.au/","No rights-cleared hero; No active offer","Not independently established; no deletion","Not independently re-geocoded"
"95b543ee-6391-4cb6-9ab5-2ec73fbfd5a9","Adelaide Zoo","adelaide","C","Adelaide Zoo, Frome Road, Adelaide SA","0","false","true","https://www.adelaidezoo.com.au/","No rights-cleared hero; No active offer; Address absent or area-only","Not independently established; no deletion","Not independently re-geocoded"
"e2e2b927-c5ab-4ec8-af16-8158e9cf695b","Anchovy Bandit","adelaide","C","","0","false","false","https://www.anchovybandit.com/","No rights-cleared hero; No active offer; Address absent or area-only","Not independently established; no deletion","Not independently re-geocoded"
"63dcf1c0-97b8-4a75-85d5-2e1823bfd084","Archie Brothers Cirque Electriq","adelaide","B","Rundle Place Level 1, Adelaide SA 5000","1","false","true","https://www.rundlemall.com/stores-and-services/archie-brothers-cirque-electriq/","No rights-cleared hero","Not independently established; no deletion","Not independently re-geocoded"
"bd9931f7-253b-4ff7-a6d4-6284fbc2eb11","Art Gallery of South Australia","adelaide","A","North Terrace, Adelaide SA","1","false","true","https://www.agsa.sa.gov.au/","No rights-cleared hero; Address absent or area-only","Not independently established; no deletion","Not independently re-geocoded"
"3a04976d-d815-4550-83ee-6eada835854b","Barnacle Bill","adelaide","B","60 Commercial Road, SA, 5108","0","false","true","https://barnaclebill.com.au/","No rights-cleared hero; No active offer","Not independently established; no deletion","Not independently re-geocoded"
"8b81e1a7-9adb-4b9d-b208-bd571e9472bf","Borsa Pasta Cucina","adelaide","B","1/25 Grenfell Street, Adelaide SA 5000","0","false","true","https://www.borsapastacucina.com/","No rights-cleared hero; No active offer","Not independently established; no deletion","Official address reviewed"
"2f9f2e1e-bc19-49a9-a563-ec285bfb8231","Bowden Brewing","adelaide","C","","0","false","false","https://bowdenbrewing.com/","No rights-cleared hero; No active offer; Address absent or area-only","Not independently established; no deletion","Not independently re-geocoded"
"773d7159-0d44-4b7c-a0f8-b88e6da84541","Campbelltown City Council","adelaide","B","172 Montacute Road, Rostrevor SA","0","false","false","https://www.campbelltown.sa.gov.au/","No rights-cleared hero; No active offer; Website needs manual fetch review","Not independently established; no deletion","Not independently re-geocoded"
"5e82a251-a32a-4336-b962-e7785b7b033b","Canopy","adelaide","A","188 Hindley Street, Adelaide SA","1","false","true","https://www.canopybar.com.au/","No rights-cleared hero","Not independently established; no deletion","Not independently re-geocoded"
"92e8fe4d-5284-403d-9d29-6b401ba33914","City of Tea Tree Gully","adelaide","B","Golden Fields Reserve, Atlantis Drive, Golden Grove SA 5125","0","false","false","https://www.teatreegully.sa.gov.au/","No rights-cleared hero; No active offer; Website needs manual fetch review","Not independently established; no deletion","Not independently re-geocoded"
"7d102832-9f67-4e04-9511-cb623eeeaaa2","Clever Little Tailor","adelaide","C","","0","false","false","https://www.nearmint.com.au/clever-little-tailor","No rights-cleared hero; No active offer; Address absent or area-only","Not independently established; no deletion","Not independently re-geocoded"
"5ba83a11-6c84-4107-ad37-b9859b88df3a","Cucina by Liquid","adelaide","B","1/181 Grange Road, Findon SA 5023","1","false","true","https://www.cucinabyliquid.com.au/","No rights-cleared hero","Not independently established; no deletion","Not independently re-geocoded"
"93b05ae5-9c5c-47bf-9e1b-8c3733cc9b07","Daughter in Law Adelaide","adelaide","C","","0","false","false","https://www.daughterinlaw.com.au/","No rights-cleared hero; No active offer; Address absent or area-only","Not independently established; no deletion","Not independently re-geocoded"
"3f44e96c-0509-42b6-a562-245487339a96","Good Gilbert","adelaide","C","","0","false","false","https://goodgilbert.com/","No rights-cleared hero; No active offer; Address absent or area-only","Not independently established; no deletion","Not independently re-geocoded"
"36e2798d-6341-4d72-aab5-b504c7b7af26","Harry's Bar on Grenfell","adelaide","A","12 Grenfell Street, Adelaide SA 5000","1","false","true","https://harrysongrenfell.com.au/","No rights-cleared hero","Not independently established; no deletion","Not independently re-geocoded"
"9064ab03-0880-4ada-8dd8-276a2f69c438","Hijinx Hotel","adelaide","B","Rundle Place Level 1, Adelaide SA 5000","1","false","true","https://www.rundlemall.com/stores-and-services/hijinx-hotel/","No rights-cleared hero","Not independently established; no deletion","Not independently re-geocoded"
"9c2ac0e1-3fb1-4bf1-8de0-cc07f5cd3f98","Jimmy's Bar & Grill","adelaide","A","12 Grenfell Street, Basement, Adelaide SA 5000","1","false","true","https://jimmysbar.com.au/","No rights-cleared hero","Not independently established; no deletion","Not independently re-geocoded"
"c7cf1cf4-32ed-4dce-8da6-6803dd80451a","Just Brows & Beauty","adelaide","B","Lower Ground Floor, Rundle Place, 77-91 Rundle Mall, Adelaide SA 5000","0","false","true","https://www.rundleplace.com.au/shop/just-brows-beauty-02e4c","No rights-cleared hero; No active offer","Not independently established; no deletion","Not independently re-geocoded"
"3fcdcd7b-0377-49e0-936c-e09550a4728c","L'Occitane","adelaide","B","Ground Floor, Rundle Place, 77-91 Rundle Mall, Adelaide SA 5000","0","false","true","https://www.rundleplace.com.au/shop/loccitane","No rights-cleared hero; No active offer","Not independently established; no deletion","Not independently re-geocoded"
"f3d1a6f6-f6f1-49da-893c-b6fd27a8dd82","Leigh Street Wine Room","adelaide","C","","0","false","false","https://www.leighstreetwineroom.com/","No rights-cleared hero; No active offer; Address absent or area-only","Not independently established; no deletion","Not independently re-geocoded"
"e6b55e10-744a-43aa-9309-8b0a43f48bee","Nando's","adelaide","C","SA","0","false","true","https://www.nandos.com.au/","No rights-cleared hero; No active offer; Address absent or area-only","Not independently established; no deletion","Not independently re-geocoded"
"872fc494-9c6d-4687-877e-1355be090e6f","Nature Play SA","adelaide","C","South Australia","0","false","false","https://natureplaysa.org.au/","No rights-cleared hero; No active offer; Address absent or area-only","Not independently established; no deletion","Not independently re-geocoded"
"37554f7b-45f7-4e02-8042-5f1f00956ef3","NOLA Adelaide","adelaide","C","","0","false","false","https://www.nolaadelaide.com/","No rights-cleared hero; No active offer; Address absent or area-only","Not independently established; no deletion","Not independently re-geocoded"
"2572679a-8f4f-4942-9cb8-6cdbf683cfd1","Nude Lucy","adelaide","B","Ground Floor, Rundle Place, 77-91 Rundle Mall, Adelaide SA 5000","0","false","true","https://www.rundleplace.com.au/shop/nude-lucy","No rights-cleared hero; No active offer","Not independently established; no deletion","Not independently re-geocoded"
"406f43fb-39b0-4fd7-88d1-edcf6c2ae50e","OPSM","adelaide","A","50 Rundle Mall, Adelaide SA 5000","1","false","true","https://www.rundlemall.com/stores-and-services/opsm-rundle-mall/","No rights-cleared hero","Not independently established; no deletion","Not independently re-geocoded"
"1ea91a45-0ab8-4f59-9f3b-6568bd744e31","Oxford","adelaide","B","Ground Floor, Rundle Place, 77-91 Rundle Mall, Adelaide SA 5000","0","false","true","https://www.rundleplace.com.au/shop/oxford","No rights-cleared hero; No active offer","Not independently established; no deletion","Not independently re-geocoded"
"3d045d49-8547-46df-b1fc-70f235892158","OZ Hair and Beauty","adelaide","B","Lower Ground Floor, Rundle Place, 77-91 Rundle Mall, Adelaide SA 5000","0","false","true","https://www.rundleplace.com.au/shop/oz-hair-and-beauty","No rights-cleared hero; No active offer","Not independently established; no deletion","Not independently re-geocoded"
"5feb3a60-0a1e-48b6-9b12-29aded48f5ce","Press* Food & Wine","adelaide","C","","0","false","false","https://www.pressfoodandwine.com.au/","No rights-cleared hero; No active offer; Address absent or area-only","Not independently established; no deletion","Not independently re-geocoded"
"ddad870e-6414-4960-9f50-4df690c1bf4f","Rundle Mall","adelaide","C","Gawler Place Intersection, Rundle Mall, Adelaide SA","1","false","true","https://www.rundlemall.com/","No rights-cleared hero; Address absent or area-only","Not independently established; no deletion","Not independently re-geocoded"
"cb5aa08f-cf0a-4e5d-b79d-5700bf6fa8df","Rundle Mall Plaza","adelaide","B","Rundle Mall Plaza, 50 Rundle Mall, Adelaide SA","0","false","true","https://www.rundlemallplaza.com.au/","No rights-cleared hero; No active offer","Not independently established; no deletion","Not independently re-geocoded"
"ac8e7fa7-2758-4788-a03f-924b3bc5fc6a","South Australian Museum","adelaide","A","North Terrace, Adelaide SA","1","false","true","https://www.samuseum.sa.gov.au/","No rights-cleared hero; Address absent or area-only","Not independently established; no deletion","Not independently re-geocoded"
"f5090e94-4e59-47e6-8f7f-0fb85b70cc2b","Specsavers","adelaide","B","11-13 Rundle Mall, Adelaide SA 5000","0","false","true","https://www.rundlemall.com/stores-and-services/specsavers/","No rights-cleared hero; No active offer","Not independently established; no deletion","Not independently re-geocoded"
"18b795cb-bedb-4adb-8621-01ecaf80d19f","Stella Restaurant","adelaide","B","2/257 Seaview Road, Henley Beach SA 5022","1","false","true","https://stellarestaurant.com.au/","No rights-cleared hero","Not independently established; no deletion","Not independently re-geocoded"
"0147c045-17f4-40b3-8783-f33f99814bbe","Strike Bowling","adelaide","B","Level 1, Rundle Place, 77–91 Rundle Mall, Adelaide SA","0","false","true","https://www.rundlemall.com/stores-and-services/strike-bowling/","No rights-cleared hero; No active offer","Not independently established; no deletion","Not independently re-geocoded"
"2c24b905-4294-4a15-b860-1491b6903d71","Tarocash","adelaide","B","Shop 17, Rundle Mall, Adelaide SA","0","false","true","https://www.rundlemall.com/stores-and-services/tarocash/","No rights-cleared hero; No active offer","Not independently established; no deletion","Not independently re-geocoded"
"0822f2ca-c242-4ddf-9adb-60b9a2309a16","The Astor Hotel","adelaide","C","","0","false","false","https://theastor.com.au/","No rights-cleared hero; No active offer; Address absent or area-only","Not independently established; no deletion","Not independently re-geocoded"
"432737aa-a301-426f-abf0-7ea93f04ac6d","The Black Bull Hotel","adelaide","C","","0","false","false","https://blackbullhotel.com.au/contact-us/","No rights-cleared hero; No active offer; Address absent or area-only","Not independently established; no deletion","Not independently re-geocoded"
"5e765de0-6b0f-4ccf-96ac-402d5496ed7b","The British Hotel North Adelaide","adelaide","C","","0","false","false","https://www.britishhotel.com.au/","No rights-cleared hero; No active offer; Address absent or area-only","Not independently established; no deletion","Not independently re-geocoded"
"cbc25336-5563-4332-916a-5f70c36e83d4","The Crafers Hotel","adelaide","C","SA","0","false","true","https://www.crafershotel.com.au/","No rights-cleared hero; No active offer; Address absent or area-only","Not independently established; no deletion","Not independently re-geocoded"
"cecf33a4-f2f3-43e3-8ff9-34ee2d867b40","The Duck Inn","adelaide","B","393 Main Road, Coromandel Valley SA 5051","0","false","true","https://duckinn.com.au/","No rights-cleared hero; No active offer","Not independently established; no deletion","Not independently re-geocoded"
"e5986edb-e32c-4edb-925f-fc20b512b01a","The Edinburgh Hotel","adelaide","C","","0","false","false","https://edinburgh.com.au/functions/","No rights-cleared hero; No active offer; Address absent or area-only","Not independently established; no deletion","Not independently re-geocoded"
"49856d8f-29ad-4f2b-ac6e-1678722b1748","The Reserve Social","adelaide","A","141 Currie Street, Adelaide SA 5000","1","false","true","https://thereservesocial.com.au/","No rights-cleared hero","Not independently established; no deletion","Not independently re-geocoded"
"e4fffee9-1438-4fd7-90e9-614d35006f8f","The Woodville Hotel","adelaide","A","878 Port Road, Woodville South SA 5011","1","false","true","https://woodvillehotel.com.au/","No rights-cleared hero","Not independently established; no deletion","Not independently re-geocoded"
"e12dee82-f158-41b3-baaf-085b62320181","Two Pot Screamer","adelaide","C","","0","false","false","https://twopotscreamer.com.au/","No rights-cleared hero; No active offer; Address absent or area-only; Website needs manual fetch review","Not independently established; no deletion","Not independently re-geocoded"
"33616e77-2421-47a9-b420-ffa217124c3b","Union Hotel","adelaide","A","70 Waymouth St, Adelaide SA 5000","1","true","true","https://www.theunionhotel.com.au/","","Not independently established; no deletion","Not independently re-geocoded"
"911769c8-d765-4ec8-84fb-d993051d7e1f","Adelaide Showground Farmers' Market","Adelaide","C","Adelaide Showground / temporary Goodwood Primary School pop-up","0","false","false","https://adelaidefarmersmarket.com.au/","No rights-cleared hero; No active offer; Address absent or area-only","Not independently established; no deletion","Not independently re-geocoded"
"f342009d-1693-4f5e-85f9-27c00622697c","Bank Street Social","Adelaide","C","Adelaide, SA","0","false","false","https://www.bankstreetsocial.com.au/","No rights-cleared hero; No active offer; Address absent or area-only","Not independently established; no deletion","Not independently re-geocoded"
"7ec62d24-8d55-4981-abd0-a8af44eb0480","City of Adelaide","Adelaide","C","Adelaide SA","0","false","false","https://www.cityofadelaide.com.au/","No rights-cleared hero; No active offer; Address absent or area-only","Not independently established; no deletion","Not independently re-geocoded"
"cbb8bdb4-3b4b-496e-92c6-4b6f0d93f1f1","City of Charles Sturt","Adelaide","B","72 Woodville Road, Woodville SA 5011","0","false","false","https://www.charlessturt.sa.gov.au/","No rights-cleared hero; No active offer; Website needs manual fetch review","Not independently established; no deletion","Not independently re-geocoded"
"a3b9d4c0-f2fe-476b-a4ff-57905195b943","City of Onkaparinga","Adelaide","C","City of Onkaparinga, SA","0","false","false","https://www.onkaparingacity.com/","No rights-cleared hero; No active offer; Address absent or area-only","Not independently established; no deletion","Not independently re-geocoded"
"cb084b2e-4863-401a-ac9a-631c9c44fe2d","City of Playford","Adelaide","C","City of Playford, South Australia","0","false","false","https://www.playford.sa.gov.au/","No rights-cleared hero; No active offer; Address absent or area-only; Website needs manual fetch review","Not independently established; no deletion","Not independently re-geocoded"
"fc34fe46-fdc5-49ed-9770-b5a35d0f8e8d","City of Unley Libraries","Adelaide","C","City of Unley, SA","0","false","false","https://www.unley.sa.gov.au/","No rights-cleared hero; No active offer; Address absent or area-only","Not independently established; no deletion","Not independently re-geocoded"
"60aa4ff3-71fd-40dc-b0e7-934c2bf88c45","City of West Torrens","Adelaide","B","165 Sir Donald Bradman Drive, Hilton SA 5033","0","false","false","https://www.westtorrens.sa.gov.au/","No rights-cleared hero; No active offer","Not independently established; no deletion","Not independently re-geocoded"
"a5bcb195-546d-4040-ab3e-f0dd12f6eabd","Clarence Park Community Centre","Adelaide","B","72-74 East Avenue, Black Forest SA 5035","0","false","false","https://www.unley.sa.gov.au/Events-facilities/Facilities-venues/Community-Centres/Clarence-Park","No rights-cleared hero; No active offer","Not independently established; no deletion","Not independently re-geocoded"
"5f428bf4-4a93-4fbc-a42c-4a1dd6b9395c","Dogs Day Out Mawson Lakes","Adelaide","B","Mobara Park & Denison Centre, Garden Terrace, Mawson Lakes SA 5095","0","false","false","https://www.dogsdayoutadl.com.au/","No rights-cleared hero; No active offer","Not independently established; no deletion","Not independently re-geocoded"
"1791e808-2342-41f5-98fe-ee376eef2a99","Green Adelaide","Adelaide","C","Adelaide metropolitan area","0","false","false","https://www.greenadelaide.sa.gov.au/","No rights-cleared hero; No active offer; Address absent or area-only","Not independently established; no deletion","Not independently re-geocoded"
"8a7b3ad8-cdc3-4d61-8a93-b6a0e62314e0","Marina Pier","Adelaide","B","12 Holdfast Promenade, Glenelg SA 5045","0","false","false","https://www.marinapier.com.au/","No rights-cleared hero; No active offer","Not independently established; no deletion","Not independently re-geocoded"
"1e09908a-f536-4604-a6ac-4cc195c4eeca","Nailsworth Community Shed","Adelaide","B","31 D'Erlanger Avenue, Collinswood SA 5081","0","false","false","https://www.prospect.sa.gov.au/","No rights-cleared hero; No active offer; Website needs manual fetch review","Not independently established; no deletion","Not independently re-geocoded"
"c0135a30-dca8-4bc9-b234-a8c865c6bbfb","Nature Festival SA","Adelaide","C","Adelaide, South Australia","0","false","false","https://www.naturefestival.org.au/","No rights-cleared hero; No active offer; Address absent or area-only","Not independently established; no deletion","Not independently re-geocoded"
"7b0c577a-7bc0-4f21-809b-699869925a1d","Office for Recreation, Sport and Racing","Adelaide","C","Metropolitan Adelaide","0","false","false","https://orsr.sa.gov.au/get-active/growing-for-gold","No rights-cleared hero; No active offer; Address absent or area-only; Website needs manual fetch review","Not independently established; no deletion","Not independently re-geocoded"
"9761bbe5-5c01-4205-a352-56cd9575d15a","Para Hills Community Hub","Adelaide","B","22 Wilkinson Road, Para Hills SA 5096","0","false","false","https://www.salisbury.sa.gov.au/community/community-centres/para-hills-community-hub","No rights-cleared hero; No active offer; Website needs manual fetch review","Not independently established; no deletion","Not independently re-geocoded"
"89323fc9-bda9-407f-a3b3-a18ff96aa644","Payinthi","Adelaide","B","128 Prospect Road, Prospect SA 5082","0","false","false","https://www.prospect.sa.gov.au/community/venues-and-parks/payinthi","No rights-cleared hero; No active offer; Website needs manual fetch review","Not independently established; no deletion","Not independently re-geocoded"
"b66ed77f-72c1-422e-817b-0c7e8d34ca0b","Payneham Library (Tirkandi)","Adelaide","B","2 Turner Street, Felixstow SA 5070","0","false","false","https://www.npsp.sa.gov.au/culture_and_lifestyle/libraries/locations_and_opening_hours","No rights-cleared hero; No active offer","Not independently established; no deletion","Not independently re-geocoded"
"91d145b9-ed01-460c-9669-2217586004ee","Riverlea","Adelaide","B","Riverlea Park SA 5120","0","false","false","https://www.riverlea.com.au/","No rights-cleared hero; No active offer","Not independently established; no deletion","Not independently re-geocoded"
"1ff04945-6081-4969-bb17-f1a3bd060cce","RoofClimb Adelaide Oval","Adelaide","B","War Memorial Drive, North Adelaide SA 5006","0","false","false","https://roofclimb.com.au/","No rights-cleared hero; No active offer","Not independently established; no deletion","Not independently re-geocoded"
"1a6ac4b7-0d0c-4e53-9c22-6a6e938ad16e","Royal Adelaide Show","Adelaide","B","Adelaide Showground, Goodwood Road, Wayville SA 5034","0","false","false","https://www.theshow.com.au/","No rights-cleared hero; No active offer","Not independently established; no deletion","Not independently re-geocoded"
"13c77906-0e0e-40ec-aa25-de18ddb9ced7","Seaford Community Centre","Adelaide","B","32 Beachwood Grove, Seaford SA 5169","0","false","false","https://www.onkaparingacity.com/Community-facilities-support/Community-centres/Seaford-Community-Centre","No rights-cleared hero; No active offer","Not independently established; no deletion","Not independently re-geocoded"
"521468ed-6912-4bc0-b548-21a182e0aeaa","SHANX Mini Golf Adelaide","Adelaide","C","Regency Park & Paralowie","0","false","false","https://shanxminigolf.com.au/","No rights-cleared hero; No active offer; Address absent or area-only","Not independently established; no deletion","Not independently re-geocoded"
"5ccb5137-da3e-439a-9840-70162e6d72b4","Town of Walkerville","Adelaide","B","66 Walkerville Terrace, Gilberton SA 5081","0","false","false","https://www.walkerville.sa.gov.au/","No rights-cleared hero; No active offer; Website needs manual fetch review","Not independently established; no deletion","Not independently re-geocoded"
"f819ccf3-6fe3-4380-9c96-aba8f46e3507","Urban Market Co.","Adelaide","B","Burnside Town Hall, 401 Greenhill Road, Tusmore SA 5065","0","false","false","https://www.urbanmarketco.com.au/","No rights-cleared hero; No active offer","Not independently established; no deletion","Not independently re-geocoded"
"c9458f4e-3026-417c-b252-c50e4db4be7b","Bunnings Warehouse","australia-wide","C","","1","false","false","","No rights-cleared hero; Address absent or area-only; Category missing; Website missing","Not independently established; no deletion","Not independently re-geocoded"
"1687c233-6165-450e-be22-6986ae7aff69","Aspley Sunset Motel","brisbane","B","9 Darwin Street, Aspley, QLD, 4034","0","false","true","https://aspleysunsetmotel.com.au/","No rights-cleared hero; No active offer","Not independently established; no deletion","Not independently re-geocoded"
"f71289b6-86b5-456a-b9a8-3dabfbbc7bba","Brisbane Botanic Gardens Mt Coot-tha","brisbane","C","Brisbane Botanic Gardens Mt Coot-tha, Toowong QLD","1","false","true","","No rights-cleared hero; Address absent or area-only; Category missing; Website missing","Not independently established; no deletion","Not independently re-geocoded"
"beb63a6f-5d0d-4ece-a085-204d31b506d2","Brisbane City Council","brisbane","C","Queen Street Mall, Brisbane City QLD","0","false","true","","No rights-cleared hero; No active offer; Address absent or area-only; Category missing; Website missing","Not independently established; no deletion","Not independently re-geocoded"
"26b1315f-1547-4fcc-86db-af865eb3b220","Brisbane Festival","brisbane","C","South Bank, South Brisbane QLD","1","false","true","","No rights-cleared hero; Address absent or area-only; Category missing; Website missing","Not independently established; no deletion","Not independently re-geocoded"
"47894f9f-2518-45b5-81fa-1d8d03621619","Brisbane Motor Museum","brisbane","C","","0","false","false","https://www.brisbanemotormuseum.com.au/","No rights-cleared hero; No active offer; Address absent or area-only","Not independently established; no deletion","Not independently re-geocoded"
"c6518ef0-c3ee-4cc3-a5bd-6f5167f3a574","Brunswick Hotel","brisbane","C","QLD","0","false","true","https://www.thebrunswickhotel.com.au/","No rights-cleared hero; No active offer; Address absent or area-only","Not independently established; no deletion","Not independently re-geocoded"
"b61ffa5c-e3e2-470b-91ab-063d0270926c","David Jones","brisbane","C","QLD","0","false","true","https://www.davidjones.com/","No rights-cleared hero; No active offer; Address absent or area-only","Not independently established; no deletion","Not independently re-geocoded"
"a4988adb-af77-45c0-beb0-febf3894e38a","Fitness Done Different","brisbane","B","4 Douglas Street, QLD","0","false","true","https://fd2.com.au/","No rights-cleared hero; No active offer","Not independently established; no deletion","Not independently re-geocoded"
"2e1027f4-bb15-4b4b-8329-a945fc79b7b1","Greenslopes Motor Inn","brisbane","B","389 Upper Cornwall Street, Greenslopes, QLD, 4120","0","false","true","https://gsmi.com.au/","No rights-cleared hero; No active offer","Not independently established; no deletion","Not independently re-geocoded"
"cb503c0c-750c-44d4-bc54-90e0b6226c49","Hervé's Restaurant & Bar","brisbane","C","","0","false","false","https://www.hervesrestaurantbar.com.au/","No rights-cleared hero; No active offer; Address absent or area-only","Not independently established; no deletion","Not independently re-geocoded"
"aae6a3f2-c63d-4cfe-9964-8ff8711fbee1","Matsuri Brisbane","brisbane","C","Whites Hill State College, 138 Burn Street, Camp Hill QLD","0","false","true","","No rights-cleared hero; No active offer; Website missing","Not independently established; no deletion","Not independently re-geocoded"
"31a990fe-e5ec-44ee-bcbb-cab9cbe194e1","Ming Ming's Kitchen","brisbane","C","QLD","0","false","true","https://www.mingmingskitchen.com.au/","No rights-cleared hero; No active offer; Address absent or area-only","Not independently established; no deletion","Not independently re-geocoded"
"dee5ca2e-0b49-44b0-8b32-d5ae16d3ddc9","Museum of Brisbane","brisbane","A","Brisbane City Hall, 64 Adelaide Street, Brisbane City QLD","1","false","true","","No rights-cleared hero; Category missing; Website missing","Not independently established; no deletion","Not independently re-geocoded"
"d4271934-0b7c-4a18-b3b1-e9e8df04d9fa","Palace Centro","brisbane","B","39 James Street, Fortitude Valley, QLD, 4006","0","false","true","https://www.palacecinemas.com.au/cinemas/palace-james-st/","No rights-cleared hero; No active offer","Not independently established; no deletion","Not independently re-geocoded"
"80b6d5f8-55b6-4e47-afed-8707cc17302c","QAGOMA","brisbane","C","South Brisbane QLD","1","false","true","","No rights-cleared hero; Address absent or area-only; Category missing; Website missing","Not independently established; no deletion","Not independently re-geocoded"
"67f1dfdf-00d7-4ce7-bb40-21344e01db25","QBC Stadium Bar","brisbane","C","","0","false","false","https://darlingpaddington.com.au/","No rights-cleared hero; No active offer; Address absent or area-only","Not independently established; no deletion","Not independently re-geocoded"
"a8214dfd-a87a-44aa-a528-42bcdb109512","Royal Queensland Art Society","brisbane","C","Petrie Terrace Gallery, 162 Petrie Terrace, Petrie Terrace QLD","0","false","true","","No rights-cleared hero; No active offer; Website missing","Not independently established; no deletion","Not independently re-geocoded"
"eb9cc831-c87e-4857-9d97-0a845934bb62","Scotty Barberino's Barber Shop","brisbane","B","37 Main Street, Samford Village, QLD, 4520","0","false","true","https://www.facebook.com/login/?next=https%3A%2F%2Fwww.facebook.com%2Fscottybarberinos%2F","No rights-cleared hero; No active offer","Not independently established; no deletion","Not independently re-geocoded"
"4eb211c9-329a-4d60-8ebf-d38f7713b5ac","Southbank Cineplex Cinema","brisbane","C","QLD","0","false","true","https://cineplex.com.au/Cinemas/Southbank","No rights-cleared hero; No active offer; Address absent or area-only","Not independently established; no deletion","Not independently re-geocoded"
"3432a186-c533-40a1-97d5-4b9e31557b58","Subway","brisbane","C","QLD","0","false","true","https://www.subway.com/en-au","No rights-cleared hero; No active offer; Address absent or area-only","Not independently established; no deletion","Not independently re-geocoded"
"1847d970-8164-4119-8ed5-f3e0e3b403f1","The Brass","brisbane","B","116 Manson Road, QLD","0","false","true","https://www.facebook.com/people/The-Brass/100093799565639/","No rights-cleared hero; No active offer","Not independently established; no deletion","Not independently re-geocoded"
"88e79082-a508-42da-9a95-0d1aa934a1a4","The Summit Brisbane","brisbane","C","","0","false","false","https://summitbrisbane.com.au/function-venue-brisbane-panoramic-views","No rights-cleared hero; No active offer; Address absent or area-only","Not independently established; no deletion","Not independently re-geocoded"
"52174a6a-d447-4703-be64-f5be5a0ef840","West End Park Cafe","brisbane","B","305 Montague Road, QLD, 4101","0","false","true","https://westendparkcafe.com.au/","No rights-cleared hero; No active offer","Not independently established; no deletion","Not independently re-geocoded"
"65e31793-de3b-4cd5-899e-907fd863b609","Woolloongabba Art Gallery","brisbane","B","613 Stanley Street, Woolloongabba, QLD, 4102","0","false","true","https://wag.com.au/","No rights-cleared hero; No active offer","Not independently established; no deletion","Not independently re-geocoded"
"450300a9-2c77-4d35-a2b5-f29baf811a64","Zap Fitness","brisbane","C","QLD","0","false","true","https://www.zapfitness.com.au/clubs/annerley/","No rights-cleared hero; No active offer; Address absent or area-only","Not independently established; no deletion","Not independently re-geocoded"
"deb435d1-aaea-4986-8cd1-908a58915012","Akiba","canberra","B","40 Bunda Street, Canberra ACT 2601","0","false","true","https://akiba.com.au/birthday-venue-canberra","No rights-cleared hero; No active offer","Not independently established; no deletion","Not independently re-geocoded"
"f435f99d-9777-4c6c-b68b-6365e33cdabb","Bar Rochford","canberra","B","First Floor, 65 London Circuit, Canberra City ACT 2601","0","false","true","https://www.barrochford.com/","No rights-cleared hero; No active offer","Not independently established; no deletion","Not independently re-geocoded"
"80538558-71df-4bcb-9fdc-1b2302198cfe","Casino Canberra","canberra","C","","0","false","false","https://casinocanberra.com.au/functions/","No rights-cleared hero; No active offer; Address absent or area-only","Not independently established; no deletion","Not independently re-geocoded"
"7f2079d6-b462-4f1a-a3f5-47f8496fefed","Cucina Ristorante","canberra","C","ACT","0","false","true","https://cucinaristorante.com.au/","No rights-cleared hero; No active offer; Address absent or area-only","Not independently established; no deletion","Not independently re-geocoded"
"89b4b565-806a-4eb5-a1fa-71fb5bd6ab04","George Harcourt Inn","canberra","B","3 Gold Creek Road, ACT","0","false","true","https://www.georgeharcourt.com/","No rights-cleared hero; No active offer","Not independently established; no deletion","Not independently re-geocoded"
"9b9354aa-64c3-4d08-84d5-216df87383f8","Kingsley's Chicken","canberra","C","ACT","0","false","true","https://www.kingsleyschicken.com/locations/weston/","No rights-cleared hero; No active offer; Address absent or area-only","Not independently established; no deletion","Not independently re-geocoded"
"b59a2f50-3dad-417e-aa9a-c10fe2872cf9","Monster Kitchen and Bar","canberra","B","Ground Floor, 25 Edinburgh Avenue, Canberra ACT 2601","0","false","true","https://ovolohotels.com/ovolo/nishi/monster-kitchen-and-bar","No rights-cleared hero; No active offer","Not independently established; no deletion","Not independently re-geocoded"
"47a7877b-5754-481e-a8e9-7aee102aa680","National Gallery of Australia","canberra","A","Parkes Place East, Parkes ACT","1","false","true","https://nga.gov.au/","No rights-cleared hero; Address absent or area-only","Not independently established; no deletion","Not independently re-geocoded"
"4a86bc1a-c261-4478-903e-7abd81a3de08","P. J. O'Reilly's","canberra","C","ACT","0","false","true","https://www.pjstugg.com/","No rights-cleared hero; No active offer; Address absent or area-only","Not independently established; no deletion","Not independently re-geocoded"
"a54c8e05-7f1f-4e08-a8fb-525174e364a9","Pilot","canberra","B","1 Wakefield Gardens, Ainslie ACT 2612","0","false","true","https://www.pilotrestaurant.com/","No rights-cleared hero; No active offer","Not independently established; no deletion","Not independently re-geocoded"
"51574877-038d-4992-80b3-6f80d722dfb3","Raku","canberra","B","Shop DG36C, 148 Bunda Street, Canberra ACT 2601","0","false","true","https://www.rakudining.com.au/","No rights-cleared hero; No active offer","Not independently established; no deletion","Not independently re-geocoded"
"e07f25a5-57fe-47ef-8c8e-f7fd1a0e8823","Subway","canberra","C","ACT","0","false","true","https://www.subway.com/en-au","No rights-cleared hero; No active offer; Address absent or area-only","Not independently established; no deletion","Not independently re-geocoded"
"e6d51650-ffa6-426b-9c48-a74cfd19e477","Taki","canberra","C","","0","false","false","https://taki.restaurant/","No rights-cleared hero; No active offer; Address absent or area-only","Not independently established; no deletion","Not independently re-geocoded"
"4494f05a-0def-4c34-952c-503e38e93df9","A Bite to Eat","Canberra","C","Canberra, ACT","0","false","true","https://www.abitetoeat.com.au/","No rights-cleared hero; No active offer; Address absent or area-only","Not independently established; no deletion","Not independently re-geocoded"
"0aa644a6-af47-4aa5-a3e9-aa8bdc6c324a","AquaTots","Canberra","C","Canberra, ACT","0","false","true","https://www.aquatots.com.au/","No rights-cleared hero; No active offer; Address absent or area-only","Not independently established; no deletion","Not independently re-geocoded"
"ac98bfcb-e522-4ca5-acf7-3d374180a792","Bella Vista","Canberra","C","Canberra, ACT","0","false","true","https://www.bellavistarestaurant.com.au/","No rights-cleared hero; No active offer; Address absent or area-only","Not independently established; no deletion","Not independently re-geocoded"
"8be6dc0d-9dee-48a5-a47f-8e133c1b9a6b","Brew and Brew","Canberra","C","Canberra, ACT","0","false","true","https://thebrewandbrew.com.au/","No rights-cleared hero; No active offer; Address absent or area-only","Not independently established; no deletion","Not independently re-geocoded"
"cee6cc95-bd44-4b72-937f-f0a4aea65f20","Cafe Alibi","Canberra","C","Canberra, ACT","0","false","true","https://cafealibi.com.au/","No rights-cleared hero; No active offer; Address absent or area-only","Not independently established; no deletion","Not independently re-geocoded"
"cfa9171b-2ec7-4005-890e-b50a7f03ba3f","Cafe Injoy","Canberra","C","Canberra, ACT","0","false","true","https://www.cafeinjoy.com.au/","No rights-cleared hero; No active offer; Address absent or area-only","Not independently established; no deletion","Not independently re-geocoded"
"75b1e665-98b3-4c8f-b690-fb396cb02733","Cafe Stepping Stone Dickson","Canberra","C","Canberra, ACT","0","false","true","https://cafesteppingstone.com/","No rights-cleared hero; No active offer; Address absent or area-only","Not independently established; no deletion","Not independently re-geocoded"
"0d155bdd-cbaa-44b4-b027-ddacb2c2ae49","Café Woodworks","Canberra","C","Canberra, ACT","0","false","true","https://cafewoodworks.com.au/","No rights-cleared hero; No active offer; Address absent or area-only","Not independently established; no deletion","Not independently re-geocoded"
"2757554e-8426-42d4-8d37-4955f6d46748","Caffe Cherry Beans","Canberra","C","Canberra, ACT","0","false","true","https://www.cherrybeans.com.au/cb/","No rights-cleared hero; No active offer; Address absent or area-only","Not independently established; no deletion","Not independently re-geocoded"
"ff86d3cf-23fc-4c2b-81c3-ab7be57ec30a","Calthorpes House","Canberra","C","Canberra, ACT","0","false","true","https://www.nationaltrust.org.au/places/calthorpes-house/","No rights-cleared hero; No active offer; Address absent or area-only","Not independently established; no deletion","Not independently re-geocoded"
"9fef218a-62f0-4def-9745-2a6e57adb63c","Canberra Indoor Climbing - South Rocks","Canberra","C","Canberra, ACT","0","false","true","https://www.canberrarockclimbing.com.au/","No rights-cleared hero; No active offer; Address absent or area-only","Not independently established; no deletion","Not independently re-geocoded"
"86b98e43-9d86-45bc-988a-d340119f2cbf","Canberra Outlet Centre","Canberra","C","Canberra, ACT","0","false","true","https://canberraoutlet.com.au/","No rights-cleared hero; No active offer; Address absent or area-only","Not independently established; no deletion","Not independently re-geocoded"
"b7c98842-93b4-454d-96ef-de53be133093","Canberra Parklands Central Apartment Hotel","Canberra","C","Canberra, ACT","0","false","true","https://www.canberraparklandscentral.com.au/","No rights-cleared hero; No active offer; Address absent or area-only","Not independently established; no deletion","Not independently re-geocoded"
"4f383aad-756c-48a2-8278-81e6ecf3e37f","Canberra Space Centre","Canberra","C","Canberra, ACT","0","false","true","https://www.cdscc.nasa.gov/Pages/opening_hours.html","No rights-cleared hero; No active offer; Address absent or area-only","Not independently established; no deletion","Not independently re-geocoded"
"72f62373-d486-4a2a-b370-861fbfd376d7","Canberra Youth Theatre","Canberra","C","Canberra, ACT","0","false","true","https://canberrayouththeatre.com.au/","No rights-cleared hero; No active offer; Address absent or area-only","Not independently established; no deletion","Not independently re-geocoded"
"f1753d35-35a9-4e88-bb3d-360920900727","Canteen by Ramen Daddy","Canberra","C","Canberra, ACT","0","false","true","https://www.eatcanteen.com.au/","No rights-cleared hero; No active offer; Address absent or area-only","Not independently established; no deletion","Not independently re-geocoded"
"583fa9ba-c0ec-45e5-9c6c-0e606f03f5b7","Capital Eatery Brindabella","Canberra","C","Canberra, ACT","0","false","true","https://capitaleatery.com.au/our-locations","No rights-cleared hero; No active offer; Address absent or area-only","Not independently established; no deletion","Not independently re-geocoded"
"df533252-2650-4a74-b5cf-a3dc5e606913","Captains Flat Hotel","Canberra","C","Canberra, ACT","0","false","true","https://www.captainsflathotel.com.au/","No rights-cleared hero; No active offer; Address absent or area-only","Not independently established; no deletion","Not independently re-geocoded"
"268c80b0-7ea6-478c-8d1c-4f8bbfd60d9f","Careys Cave","Canberra","C","Canberra, ACT","0","false","true","http://www.weejaspercaves.com/","No rights-cleared hero; No active offer; Address absent or area-only","Not independently established; no deletion","Not independently re-geocoded"
"6fe0ba46-34a9-4e1c-bc04-f7ca04eca6c7","Caribou","Canberra","C","Canberra, ACT","0","false","true","https://www.cariboukingston.com.au/","No rights-cleared hero; No active offer; Address absent or area-only","Not independently established; no deletion","Not independently re-geocoded"
"33b54545-5586-4d3c-b6d1-702f22b3a3ce","Catbird Cafe","Canberra","C","Canberra, ACT","0","false","true","https://catbirdcanberra.com.au/","No rights-cleared hero; No active offer; Address absent or area-only","Not independently established; no deletion","Not independently re-geocoded"
"9ca77931-6d8d-4160-8e4e-f487267084cc","CBD Dumpling House","Canberra","C","Canberra, ACT","0","false","true","https://cbddumplinghouse.shop/","No rights-cleared hero; No active offer; Address absent or area-only","Not independently established; no deletion","Not independently re-geocoded"
"1484421c-5d54-4961-be9a-380c60deb935","Change Yoga + Wellness","Canberra","C","Canberra, ACT","0","false","true","https://changeyoga.com.au/","No rights-cleared hero; No active offer; Address absent or area-only","Not independently established; no deletion","Not independently re-geocoded"
"2a612c70-8ae8-4007-b862-079ca5dacbb1","Dickson Taphouse","Canberra","C","Canberra, ACT","0","false","true","https://www.dicksontaphouse.com.au/","No rights-cleared hero; No active offer; Address absent or area-only","Not independently established; no deletion","Not independently re-geocoded"
"2a07eb55-8850-4a2f-99e1-4914a97c9cb4","Durham Castle Arms","Canberra","C","Canberra, ACT","0","false","true","https://thedurhampub.com.au/","No rights-cleared hero; No active offer; Address absent or area-only","Not independently established; no deletion","Not independently re-geocoded"
"d4a1c320-8635-42c7-83bf-229019a41b91","Feel Better Pilates Lyneham","Canberra","C","Canberra, ACT","0","false","true","https://www.feelbetterpilates.com.au/lyneham","No rights-cleared hero; No active offer; Address absent or area-only","Not independently established; no deletion","Not independently re-geocoded"
"e06db1b9-48cc-494a-8104-5b4c95c56bf7","Haig Park Village Market (Sundays)","Canberra","C","Canberra, ACT","0","false","true","https://haigparkvillagemarkets.com.au/","No rights-cleared hero; No active offer; Address absent or area-only","Not independently established; no deletion","Not independently re-geocoded"
"aeb8a4e3-0188-43fe-b652-b919c819ef36","Indian Affair","Canberra","C","Canberra, ACT","0","false","true","https://www.indianaffair.com.au/","No rights-cleared hero; No active offer; Address absent or area-only","Not independently established; no deletion","Not independently re-geocoded"
"786313bf-3e26-4c2a-a842-b096b791ed80","Kings Swimming Pool","Canberra","C","Canberra, ACT","0","false","true","https://www.kingswim.com.au/","No rights-cleared hero; No active offer; Address absent or area-only","Not independently established; no deletion","Not independently re-geocoded"
"ef1a81c2-f489-489a-8378-72213931d57c","Kingsley's Chicken","Canberra","C","Canberra, ACT","0","false","true","https://www.kingsleyschicken.com/locations/weston/","No rights-cleared hero; No active offer; Address absent or area-only","Not independently established; no deletion","Not independently re-geocoded"
"2a01d47c-074e-4cef-9582-662273e2ef31","Laser Clinics Australia - Canberra","Canberra","B","Canberra Centre, Shop CG09 City Walk, Canberra ACT 2601","0","false","true","https://www.laserclinics.com.au/skin-care-clinic/canberra-centre/","No rights-cleared hero; No active offer","Not independently established; no deletion","Not independently re-geocoded"
"053eb15f-6645-4d0c-b902-92a97d8890a0","lululemon Canberra","Canberra","B","Canberra Centre, Shop CG 28-30, 148 Bunda Street, Canberra ACT 2608","0","false","true","https://www.lululemon.com.au/en-au/stores?storeId=50089","No rights-cleared hero; No active offer","Not independently established; no deletion","Not independently re-geocoded"
"d73a7eb3-5fb7-43cf-b3f2-3d6944ce4a7f","M16 Artspace","Canberra","C","Canberra, ACT","0","false","true","https://www.m16artspace.com.au/","No rights-cleared hero; No active offer; Address absent or area-only","Not independently established; no deletion","Not independently re-geocoded"
"ab00620d-5f16-44e7-8132-a927bd31ffbd","MECCA Canberra","Canberra","B","Canberra Centre, Tenancy CF36, 148 Bunda Street, Canberra ACT 2601","0","false","true","https://www.mecca.com/en-au/stores/mecca-canberra-L236/","No rights-cleared hero; No active offer","Not independently established; no deletion","Not independently re-geocoded"
"2d742a4f-a9fe-4cef-abdd-0e2fbe6c4fdf","Mercure Canberra Belconnen","Canberra","C","Canberra, ACT","0","false","true","https://www.mercurebelconnen.com.au/","No rights-cleared hero; No active offer; Address absent or area-only","Not independently established; no deletion","Not independently re-geocoded"
"414d46bf-f39f-4de4-93a8-d660e7414860","Museum of Australian Democracy","Canberra","C","Canberra, ACT","0","false","true","https://www.moadoph.gov.au/","No rights-cleared hero; No active offer; Address absent or area-only","Not independently established; no deletion","Not independently re-geocoded"
"95a7b928-1ee3-4fb6-9414-b25395969503","Ology","Canberra","C","Canberra, ACT","0","false","true","https://skinology.au/","No rights-cleared hero; No active offer; Address absent or area-only","Not independently established; no deletion","Not independently re-geocoded"
"1390d7bd-589b-447e-b2ed-69e5b698b17f","OnSon Thai Massage & Day Spa Gungahlin","Canberra","C","Canberra, ACT","0","false","true","https://www.onson.com.au/","No rights-cleared hero; No active offer; Address absent or area-only","Not independently established; no deletion","Not independently re-geocoded"
"a26f7b10-4166-4978-ac1a-68c430f14ab4","SEPHORA Canberra","Canberra","B","Canberra Centre, Level 1 Shop EF20, Canberra City ACT 2608","0","false","true","https://www.sephora.com.au/store-locations","No rights-cleared hero; No active offer","Not independently established; no deletion","Not independently re-geocoded"
"b8863a1b-58c4-4f7c-8f40-639f523a022b","Soulution","Canberra","C","Canberra, ACT","0","false","true","https://www.soulutionyoga.com/","No rights-cleared hero; No active offer; Address absent or area-only","Not independently established; no deletion","Not independently re-geocoded"
"bbbc9fc9-0c4f-4649-9fb8-25a5ff470560","Strathnairn Gallery","Canberra","C","Canberra, ACT","0","false","true","https://www.strathnairn.com.au/","No rights-cleared hero; No active offer; Address absent or area-only","Not independently established; no deletion","Not independently re-geocoded"
"2ede8b8f-3447-46f7-99cb-aa0c7c495307","The Canberra Glassworks","Canberra","C","Canberra, ACT","0","false","true","https://canberraglassworks.com/","No rights-cleared hero; No active offer; Address absent or area-only","Not independently established; no deletion","Not independently re-geocoded"
"fc4674bf-4db6-4ba8-8908-85801ae901ab","The Strength Syndicate","Canberra","C","Canberra, ACT","0","false","true","https://www.thestrengthsyndicatecbr.com/","No rights-cleared hero; No active offer; Address absent or area-only","Not independently established; no deletion","Not independently re-geocoded"
"d45e7af7-ebf0-49f1-a4ef-2b7888076d22","UNIQLO Canberra Centre","Canberra","B","Canberra Centre, Tenancy B08/11, 148 Bunda Street, Canberra ACT 2608","0","false","true","https://map.uniqlo.com/au/en/detail/11600032","No rights-cleared hero; No active offer","Not independently established; no deletion","Not independently re-geocoded"
"fafbb07a-39d4-49b5-9414-c791cfe9b176","AANT Centre","darwin","C","NT","0","false","true","https://www.yourcentre.com.au/","No rights-cleared hero; No active offer; Address absent or area-only","Not independently established; no deletion","Not independently re-geocoded"
"0b45d98a-6b80-408b-9348-3e9767128b4f","Ageless","darwin","C","NT","0","false","true","https://agelesshealth.com.au/","No rights-cleared hero; No active offer; Address absent or area-only","Not independently established; no deletion","Not independently re-geocoded"
"4ba863ff-a8dc-4827-9da8-b47dd76f2595","City of Darwin / Australian Vietnamese Family Association","darwin","C","Darwin Waterfront, 19B Kitchener Drive, Darwin City NT 0800","0","false","true","","No rights-cleared hero; No active offer; Category missing; Website missing","Not independently established; no deletion","Not independently re-geocoded"
"66ee2349-e1c6-4662-a16e-aaf5505e4ee5","Coco Republic Darwin","darwin","C","","0","false","false","https://cocorepublicdarwin.com.au/functions/","No rights-cleared hero; No active offer; Address absent or area-only","Not independently established; no deletion","Not independently re-geocoded"
"48d67089-e4da-435f-aa4a-e89a868e7f9c","Darwin Waterfront","darwin","C","Darwin Waterfront, Darwin NT","1","false","true","","No rights-cleared hero; Address absent or area-only; Category missing; Website missing","Not independently established; no deletion","Not independently re-geocoded"
"69ceaf93-9036-4762-b05d-a79c3d8c04c2","Dock One Bar and Food","darwin","C","","0","false","false","https://www.dockonebar.com.au/","No rights-cleared hero; No active offer; Address absent or area-only","Not independently established; no deletion","Not independently re-geocoded"
"7e31bc13-e9e8-4672-844d-71db3c8c5e55","Event Cinemas","darwin","C","NT","0","false","true","https://www.eventcinemas.com.au/","No rights-cleared hero; No active offer; Address absent or area-only","Not independently established; no deletion","Not independently re-geocoded"
"14e417a2-2f47-49e6-8bcf-842907b6a914","F3 Sports Social","darwin","C","","0","false","false","https://f3sportssocial.com.au/","No rights-cleared hero; No active offer; Address absent or area-only","Not independently established; no deletion","Not independently re-geocoded"
"8504d758-f480-4846-8d97-78cff7f0c654","Flight Path Golf & Outdoor Recreation","darwin","C","Vanderlin Drive, NT","0","false","true","https://www.flightpathgolf.com.au/","No rights-cleared hero; No active offer; Address absent or area-only","Not independently established; no deletion","Not independently re-geocoded"
"7c661ddb-8fd3-4d3d-8849-94cd90280b12","Healthy Darwin","darwin","C","Sunset Park, Nightcliff Foreshore NT","0","false","true","","No rights-cleared hero; No active offer; Address absent or area-only; Category missing; Website missing","Not independently established; no deletion","Not independently re-geocoded"
"9fa4aa85-2ad5-490d-a08d-a879c865e51f","Hindu Society of the Northern Territory","darwin","C","Darwin Sri Sithy Vinayakar Temple, 44 Patterson Street, Malak NT","1","false","true","","No rights-cleared hero; Category missing; Website missing","Not independently established; no deletion","Not independently re-geocoded"
"f64bedf2-1cb5-4a0b-a021-ec411c86ffc3","Hoskings Jewellers","darwin","C","NT","0","false","true","https://hoskings.com.au/","No rights-cleared hero; No active offer; Address absent or area-only","Not independently established; no deletion","Not independently re-geocoded"
"647cb412-e74b-46b6-a9cf-9cd7638beb30","Hotel Darwin","darwin","C","","0","false","false","https://www.thehoteldarwin.com.au/","No rights-cleared hero; No active offer; Address absent or area-only","Not independently established; no deletion","Not independently re-geocoded"
"06c7ded6-17d5-4d81-96ac-af056867723b","Melaleuca on Mitchell YHA","darwin","B","52 Mitchell Street, NT","0","false","true","https://www.yha.com.au/important-information/network-departure/","No rights-cleared hero; No active offer","Not independently established; no deletion","Not independently re-geocoded"
"f56d15f3-f914-48b8-ad4d-5dc50991b875","Museum and Art Gallery of the Northern Territory","darwin","B","19 Conacher Street, NT","0","false","true","https://www.magnt.net.au/","No rights-cleared hero; No active offer","Not independently established; no deletion","Not independently re-geocoded"
"ae88a5bf-08e6-4289-a226-9f2804a92d97","Nirvana","darwin","B","6 Dashwood Crescent, NT, 0800","0","false","true","https://www.nirvanadarwin.com.au/","No rights-cleared hero; No active offer","Not independently established; no deletion","Not independently re-geocoded"
"d5dd928b-7ba3-41d9-8064-41b8917f9ed9","Outback Jacks","darwin","C","NT","0","false","true","https://www.outbackjacks.com.au/","No rights-cleared hero; No active offer; Address absent or area-only","Not independently established; no deletion","Not independently re-geocoded"
"ff0534f9-cc9a-4203-978c-1086476975e7","Oyster Bar Darwin","darwin","C","","0","false","false","https://www.oysterbar.com.au/darwin/functions","No rights-cleared hero; No active offer; Address absent or area-only","Not independently established; no deletion","Not independently re-geocoded"
"e47cc90f-b868-4e49-9132-9cd2fc48f070","Snap Fitness","darwin","C","Nylander Street, NT","0","false","true","https://www.snapfitness.com/au/gyms/parap","No rights-cleared hero; No active offer; Address absent or area-only","Not independently established; no deletion","Not independently re-geocoded"
"15c21e15-6240-46a1-b8fe-e0a6ac4b73c7","The Coffee Club","darwin","C","NT","0","false","true","https://coffeeclub.com.au/","No rights-cleared hero; No active offer; Address absent or area-only","Not independently established; no deletion","Not independently re-geocoded"
"1b99d9ed-5901-4661-86d0-aea1732e7118","The Darwin Sailing Club","darwin","B","8 Atkins Drive, NT","0","false","true","https://www.darwinsailingclub.com.au/","No rights-cleared hero; No active offer","Not independently established; no deletion","Not independently re-geocoded"
"ed9edf0e-48bf-485f-896d-5caa4ce7e9f1","The Ski Club","darwin","C","NT","0","false","true","https://www.darwinskiclub.com.au/","No rights-cleared hero; No active offer; Address absent or area-only","Not independently established; no deletion","Not independently re-geocoded"
"66ce9fbe-728f-4515-a573-8e63c3058e0f","Victoria Hotel","darwin","B","27 Smith Street Mall, NT","0","false","true","https://adscheaper.com/","No rights-cleared hero; No active offer","Not independently established; no deletion","Not independently re-geocoded"
"ebec8b86-37f3-44f8-bf6b-42ca1c38eb03","Brownsmart","Darwin","C","Darwin, NT","0","false","true","https://brownsmart.com.au/","No rights-cleared hero; No active offer; Address absent or area-only","Not independently established; no deletion","Not independently re-geocoded"
"7f4f85c2-fcb9-4d86-a861-79ce86b7052e","The Leea Resort Darwin","Darwin","C","Darwin, NT","0","false","true","https://theleea.com.au/","No rights-cleared hero; No active offer; Address absent or area-only","Not independently established; no deletion","Not independently re-geocoded"
"ee4aeb8e-275c-416f-8465-21d6e359f87c","Value Inn","Darwin","C","Darwin, NT","0","false","true","http://www.valueinn.com.au/","No rights-cleared hero; No active offer; Address absent or area-only","Not independently established; no deletion","Not independently re-geocoded"
"91d2f36b-f681-4856-b216-f071fa4ee001","Gawler Libraries","Gawler","B","Evanston Gardens Library, 65 Angle Vale Road, Evanston Gardens SA 5116","0","false","false","https://www.gawler.sa.gov.au/services/library","No rights-cleared hero; No active offer; Website needs manual fetch review","Not independently established; no deletion","Not independently re-geocoded"
"ec0c7dda-3568-4030-aaa8-f30812d6f701","Burleigh Pavilion","Gold Coast","B","3A/43 Goodwin Terrace, Burleigh Heads QLD 4220","0","false","true","https://burleighpavilion.com/","No rights-cleared hero; No active offer","Not independently established; no deletion","Not independently re-geocoded"
"70fa8021-3317-4eff-9694-c99cfed88e48","Currumbin Wildlife Sanctuary","Gold Coast","B","28 Tomewin Street, Currumbin QLD 4223","0","false","true","https://currumbinsanctuary.com.au/","No rights-cleared hero; No active offer","Not independently established; no deletion","Not independently re-geocoded"
"9369550d-93cd-428b-9456-a0fdb9a8970e","iFLY Gold Coast","Gold Coast","B","3084 Surfers Paradise Boulevard, Surfers Paradise QLD 4217","0","false","true","https://ifly.com.au/locations/gold-coast","No rights-cleared hero; No active offer","Not independently established; no deletion","Not independently re-geocoded"
"1c86b4bd-6e9a-492b-be39-c384dbbacf6c","INFINITY Attraction","Gold Coast","B","Chevron Renaissance Centre, Surfers Paradise Boulevard & Elkhorn Avenue, Surfers Paradise QLD 4217","0","false","true","https://infinitygc.com.au/","No rights-cleared hero; No active offer","Not independently established; no deletion","Not independently re-geocoded"
"e3a0f7fa-74ce-49ef-b008-610e2ee82242","Restaurant Labart","Gold Coast","B","2A/8 West Street, Burleigh Heads QLD 4220","0","false","true","https://www.restaurantlabart.com/","No rights-cleared hero; No active offer","Not independently established; no deletion","Not independently re-geocoded"
"ff4b2c45-8207-4f0d-9108-722b0fcee052","Rick Shores","Gold Coast","B","3/43 Goodwin Terrace, Burleigh Heads QLD 4220","0","false","true","https://www.rickshores.com.au/","No rights-cleared hero; No active offer","Not independently established; no deletion","Not independently re-geocoded"
"296066c1-e6c1-4f5a-9cb4-3af5051ff375","SkyPoint Observation Deck","Gold Coast","B","Q1 Building, Level 77/9 Hamilton Avenue, Surfers Paradise QLD 4217","0","false","true","https://www.skypoint.com.au/","No rights-cleared hero; No active offer","Not independently established; no deletion","Not independently re-geocoded"
"239d6e28-078c-455b-a7a1-96cc40a01f5d","Topgolf Gold Coast","Gold Coast","B","Corner Roadshow Way and Entertainment Road, Oxenford QLD 4210","0","false","true","https://topgolf.com.au/","No rights-cleared hero; No active offer","Not independently established; no deletion","Not independently re-geocoded"
"5a2f280b-5ae9-48b2-9158-453b22d685e0","Bay Islands Golf Club","gold-coast","B","2 Gordon Road, Macleay Island, QLD, 4184","0","false","true","https://macleayislandgolfclub.com.au/events/restaurant/","No rights-cleared hero; No active offer","Not independently established; no deletion","Not independently re-geocoded"
"a21670bf-d7cb-4f44-a891-b776bf4400f0","Binna Burra Teahouse","gold-coast","C","QLD","0","false","true","https://www.binnaburralodge.com.au/teahouse/","No rights-cleared hero; No active offer; Address absent or area-only","Not independently established; no deletion","Not independently re-geocoded"
"dbb5b2e3-a8c5-44ee-9436-606bb7d71baa","City of Gold Coast Active & Healthy","gold-coast","C","Queen Elizabeth Park, opposite 60 Marine Parade, Coolangatta QLD 4225","0","false","true","","No rights-cleared hero; No active offer; Category missing; Website missing","Not independently established; no deletion","Not independently re-geocoded"
"c80d7d6e-2a1b-4d6c-b2c8-97972c9a8c54","Gold Coast Turf Club","gold-coast","C","","0","false","false","https://gctc.com.au/","No rights-cleared hero; No active offer; Address absent or area-only","Not independently established; no deletion","Not independently re-geocoded"
"3df6d32c-f32b-42e3-a885-c7be1259888f","HOTA Gallery","gold-coast","A","HOTA Gallery, Surfers Paradise QLD","1","false","true","https://hota.com.au/","No rights-cleared hero; Address absent or area-only","Not independently established; no deletion","Not independently re-geocoded"
"e5bf2dd5-eb0b-4b2b-9a4c-dda6e2a9f7b5","Indian Delights","gold-coast","B","2098 Gold Coast Highway, Miami, QLD, 4220","0","false","true","https://www.indiandelights.net/","No rights-cleared hero; No active offer","Not independently established; no deletion","Not independently re-geocoded"
"67700eff-35ae-4d24-a63c-db1c552821cc","Le Café Gourmand","gold-coast","C","","0","false","false","https://www.lecafegourmand.com.au/","No rights-cleared hero; No active offer; Address absent or area-only","Not independently established; no deletion","Not independently re-geocoded"
"601d9735-1a57-431b-889d-2d82db779950","Social House Gold Coast","gold-coast","C","","0","false","false","https://www.socialhousegc.com.au/","No rights-cleared hero; No active offer; Address absent or area-only","Not independently established; no deletion","Not independently re-geocoded"
"aef007b7-f31d-49b9-84fb-255145f106fd","Steampunk Surfers Paradise","gold-coast","B","Level 1, 3113 Surfers Paradise Boulevard, Surfers Paradise QLD 4217","0","false","true","https://www.steampunksurfersparadise.com.au/","No rights-cleared hero; No active offer","Not independently established; no deletion","Official address reviewed"
"23da7026-f8ac-45e8-993f-4b38f54e9f3d","Surfers Paradise Alliance / City of Gold Coast","gold-coast","C","Surfers Paradise, QLD","0","false","true","","No rights-cleared hero; No active offer; Address absent or area-only; Website missing","Not independently established; no deletion","Not independently re-geocoded"
"b7ddeb4e-d52d-4e0c-8447-11a53f213366","SWELL Sculpture Festival","gold-coast","C","Currumbin Beach, Currumbin QLD 4223","1","false","true","","No rights-cleared hero; Website missing","Not independently established; no deletion","Not independently re-geocoded"
"f07b03ea-1a02-46d9-a460-e9c9121e873f","Xenia Grill Main Beach","gold-coast","C","","0","false","false","https://www.xeniagrill.com.au/","No rights-cleared hero; No active offer; Address absent or area-only","Not independently established; no deletion","Not independently re-geocoded"
"4786630f-fd67-42a5-bf14-ef126b477b3a","Above and Beyond - Tasmanian Seaplanes","hobart","C","TAS","0","false","true","https://aboveandbeyond.flights/","No rights-cleared hero; No active offer; Address absent or area-only","Not independently established; no deletion","Not independently re-geocoded"
"9c76d9a1-afc5-44b1-b448-0a6356ff1da0","Botanica","hobart","B","23 Salamanca Square, Battery Point, TAS, 7004","0","false","true","https://www.botanicabar.com.au/","No rights-cleared hero; No active offer","Not independently established; no deletion","Not independently re-geocoded"
"54ac2195-2cd8-4f4b-b3f0-d2dc32ba6c91","City of Hobart / Hobart Horticultural Society","hobart","C","Waterside Pavilion, Mawson Place, Hobart TAS 7000","0","false","true","","No rights-cleared hero; No active offer; Category missing; Website missing","Not independently established; no deletion","Not independently re-geocoded"
"55dcb0b1-e0a7-4027-8f88-75b100d4318f","Customs House","hobart","B","1 Murray Street, Hobart, TAS, 7000","0","false","true","https://www.customshousehotel.com/restaurant","No rights-cleared hero; No active offer","Not independently established; no deletion","Not independently re-geocoded"
"e0308b5f-e511-4154-8202-971715e70e78","Hadley's Orient Hotel","hobart","B","34 Murray Street, Hobart, TAS, 7000","0","false","true","https://www.hadleyshotel.com.au/","No rights-cleared hero; No active offer","Not independently established; no deletion","Not independently re-geocoded"
"0be5e740-677b-4acc-a77a-264e95a26ec6","Harvey Norman","hobart","C","TAS","0","false","true","https://www.harveynorman.com.au/","No rights-cleared hero; No active offer; Address absent or area-only","Not independently established; no deletion","Not independently re-geocoded"
"ed9329a3-b2c2-4e75-aa9f-afe272750e19","Hobart Workers Club","hobart","C","","0","false","false","https://www.hobartworkersclub.com.au/functions","No rights-cleared hero; No active offer; Address absent or area-only","Not independently established; no deletion","Not independently re-geocoded"
"ec615df6-3935-465f-bd5d-a0e6f38606ea","Hog's Breath Cafe","hobart","C","TAS","0","false","true","https://www.hogsbreath.com.au/location/hobart/","No rights-cleared hero; No active offer; Address absent or area-only","Not independently established; no deletion","Not independently re-geocoded"
"628a50ac-5ec3-4963-8b0d-81251a6efbfb","Mures Hobart","hobart","C","","0","false","false","https://www.mures.com.au/events","No rights-cleared hero; No active offer; Address absent or area-only","Not independently established; no deletion","Not independently re-geocoded"
"ac3f9f0d-fb14-46d3-90ce-c6b5a2f7e561","New Sydney Hotel","hobart","B","87 Bathurst Street, Hobart, TAS, 7000","0","false","true","https://www.newsydneyhotel.com.au/","No rights-cleared hero; No active offer","Not independently established; no deletion","Not independently re-geocoded"
"95305840-69b3-4fe8-b701-72f841ee6f82","San Churro","hobart","C","TAS","0","false","true","https://www.sanchurro.com/store/san-churro-salamanca/","No rights-cleared hero; No active offer; Address absent or area-only","Not independently established; no deletion","Not independently re-geocoded"
"ddc2fe27-50f2-4f14-a0d5-fe1362579118","Tasmanian Museum and Art Gallery","hobart","C","Dunn Place, Hobart TAS","1","false","true","","No rights-cleared hero; Address absent or area-only; Category missing; Website missing","Not independently established; no deletion","Not independently re-geocoded"
"44b64e72-3d1a-4ab9-a88a-57fc35a6a4c9","The Kudelka Shop","hobart","B","65-77 Salamanca Place, Battery Point, TAS, 7004","0","false","true","https://www.kudelkashop.com/","No rights-cleared hero; No active offer","Not independently established; no deletion","Not independently re-geocoded"
"f0988a2c-93df-4b57-9d38-acde14e0ad88","The Pure Boutique Salon","hobart","B","202 Elizabeth Street, Hobart, TAS, 7000","0","false","true","https://www.thepureboutiquesalon.com.au/","No rights-cleared hero; No active offer","Not independently established; no deletion","Not independently re-geocoded"
"15adcbf6-8f8c-4449-8f65-e39215727604","The Waggon","hobart","B","327 Argyle Street, North Hobart TAS 7000","0","false","true","https://www.thewaggon.au/","No rights-cleared hero; No active offer","Not independently established; no deletion","Official address reviewed"
"5b8abf47-1bc9-4347-bfe7-f32e9a6381e5","The Whaler","hobart","B","39 Salamanca Place, Battery Point, TAS, 7004","0","false","true","https://www.thewhaler.com.au/","No rights-cleared hero; No active offer","Not independently established; no deletion","Not independently re-geocoded"
"c1c1b3ee-98e4-4886-af8c-dba1b1d7a23c","Village Cinemas Hobart","hobart","B","181 Collins Street, Hobart, TAS, 7000","0","false","true","https://villagecinemas.com.au/cinemas/hobart","No rights-cleared hero; No active offer","Not independently established; no deletion","Not independently re-geocoded"
"2a915fce-24de-4b38-90c6-30915d062b67","Village Eastlands","hobart","C","TAS","0","false","true","https://villagecinemas.com.au/cinemas/eastlands","No rights-cleared hero; No active offer; Address absent or area-only","Not independently established; no deletion","Not independently re-geocoded"
"e38d3757-41ed-4e22-9605-2bda4148b5de","Wrest Point Hotel","hobart","C","TAS","0","false","true","https://wrestpoint.com.au/","No rights-cleared hero; No active offer; Address absent or area-only","Not independently established; no deletion","Not independently re-geocoded"
"394c5112-072e-4da7-afc6-02c12d2c2b1c","Zap Fitness","hobart","C","TAS","0","false","true","https://www.zapfitness.com.au/clubs/glenorchy/","No rights-cleared hero; No active offer; Address absent or area-only","Not independently established; no deletion","Not independently re-geocoded"
"296161e6-4e41-46a8-87a8-b40d5bd750bd","Zap Fitness","hobart","B","107 Liverpool Street, Hobart, TAS, 7000","0","false","true","https://www.zapfitness.com.au/clubs/hobart-city/","No rights-cleared hero; No active offer","Not independently established; no deletion","Not independently re-geocoded"
"ecc73e17-9308-4b9b-bb22-54e6df4bd874","Altar","Hobart","C","Hobart, TAS","0","false","true","https://altarhobart.com.au/","No rights-cleared hero; No active offer; Address absent or area-only","Not independently established; no deletion","Not independently re-geocoded"
"14440efe-64b3-4bfd-9597-5e6c812b2ebd","Hobart Bush Cabins","Hobart","C","Hobart, TAS","0","false","true","https://www.hobartbushcabins.com.au/","No rights-cleared hero; No active offer; Address absent or area-only","Not independently established; no deletion","Not independently re-geocoded"
"d5d732f8-1762-45df-b6f6-1d36b6dd6a5d","Male Alchemy","Hobart","C","Hobart, TAS","0","false","true","https://malealchemy.com.au/","No rights-cleared hero; No active offer; Address absent or area-only","Not independently established; no deletion","Not independently re-geocoded"
"b9b8fc47-26bb-47ab-80fd-c86ef1125d42","The Courtyard","Hobart","C","Hobart, TAS","0","false","true","https://www.sac.org.au/portfolio/the-courtyard/","No rights-cleared hero; No active offer; Address absent or area-only","Not independently established; no deletion","Not independently re-geocoded"
"25452653-2e1c-472a-8951-132eac08b771","Velvet Skin Concepts","Hobart","C","Hobart, TAS","0","false","true","https://www.velvetskinconcepts.com.au/","No rights-cleared hero; No active offer; Address absent or area-only","Not independently established; no deletion","Not independently re-geocoded"
"8d40eb0b-6a93-4bb3-9c17-54c23efb88f4","Zone Bowling","Hobart","C","Hobart, TAS","0","false","true","https://www.zonebowling.com/","No rights-cleared hero; No active offer; Address absent or area-only","Not independently established; no deletion","Not independently re-geocoded"
"0e744187-1134-4b15-b938-96ea6f4b2631","BangPop South Wharf","melbourne","C","","0","false","false","https://bangpop.com.au/functions-groups/","No rights-cleared hero; No active offer; Address absent or area-only","Not independently established; no deletion","Not independently re-geocoded"
"9e59d75e-fc43-4f4f-b859-dbc9eac09fd4","Fable Melbourne","melbourne","C","","0","false","false","https://fable-melbourne.squarespace.com/function-venue-melbourne-cbd","No rights-cleared hero; No active offer; Address absent or area-only","Not independently established; no deletion","Not independently re-geocoded"
"933f9c78-d274-440c-8109-90715d0bf94e","Fed Square","melbourne","B","Fed Square, Melbourne VIC 3000","1","false","true","https://fedsquare.com/","No rights-cleared hero","Not independently established; no deletion","Not independently re-geocoded"
"ac8b37bc-a447-43c6-abd3-635c180c31c3","Hardware Société","melbourne","B","123 Hardware Street, Melbourne VIC 3000","0","false","true","https://www.hardwaresociete.com/","No rights-cleared hero; No active offer","Not independently established; no deletion","Not independently re-geocoded"
"b32114ae-3059-4e57-a017-cd91dee63a97","Harry's Restaurant and Bar","melbourne","C","","0","false","false","https://www.stamford.com.au/spm/dining/harrys-restaurant-bar/","No rights-cleared hero; No active offer; Address absent or area-only; Website needs manual fetch review","Not independently established; no deletion","Not independently re-geocoded"
"91a1f3be-c43b-496b-b8ff-cee48ae3b14a","Higher Ground","melbourne","B","650 Little Bourke Street, Melbourne VIC 3000","0","false","true","https://highergroundmelbourne.com.au/","No rights-cleared hero; No active offer","Not independently established; no deletion","Not independently re-geocoded"
"8efb08e7-4f0c-40b0-a31c-cd991c5b941e","Lucy Liu Kitchen and Bar","melbourne","B","23 Oliver Lane, Melbourne VIC 3000","0","false","true","https://www.lucylius.com.au/","No rights-cleared hero; No active offer","Not independently established; no deletion","Not independently re-geocoded"
"b16d4a39-adf2-4ca9-a15c-434cf486ccd4","National Gallery of Victoria","melbourne","C","Melbourne VIC","1","false","true","https://www.ngv.vic.gov.au/","No rights-cleared hero; Address absent or area-only","Not independently established; no deletion","Not independently re-geocoded"
"8a2f29f4-5133-4316-90ca-00f3eed5eb35","Rice Paper Scissors","melbourne","B","15 Hardware Lane, Melbourne VIC 3000","0","false","true","https://ricepaperscissors.com.au/","No rights-cleared hero; No active offer","Not independently established; no deletion","Not independently re-geocoded"
"f0fb813b-6985-4043-a75d-fb6b3cfe378f","Roccella Melbourne","melbourne","C","","0","false","false","https://www.roccellamelbourne.com.au/functions-2","No rights-cleared hero; No active offer; Address absent or area-only; Website needs manual fetch review","Not independently established; no deletion","Not independently re-geocoded"
"1e3bc85d-f708-4774-b6c9-647674500c69","Royal Botanic Gardens Victoria","melbourne","B","Royal Botanic Gardens Victoria - Melbourne Gardens, Melbourne VIC 3004","0","false","true","https://www.rbg.vic.gov.au/","No rights-cleared hero; No active offer","Not independently established; no deletion","Not independently re-geocoded"
"8f3ec3a8-c105-4861-8aa6-dd9dcf9b4e73","Strato Melbourne","melbourne","C","","0","false","false","https://www.stratomelbourne.com.au/","No rights-cleared hero; No active offer; Address absent or area-only","Not independently established; no deletion","Not independently re-geocoded"
"036179d6-e981-4e8f-9b10-67c6c9621cb9","Supernormal","melbourne","B","180 Flinders Lane, Melbourne VIC 3000","0","false","true","https://supernormal.net.au/","No rights-cleared hero; No active offer","Not independently established; no deletion","Not independently re-geocoded"
"fb5ad793-194e-45b0-9028-402947877e11","The Colonial Hotel Melbourne","melbourne","C","","0","false","false","https://www.thecolonialhotel.com.au/functions/","No rights-cleared hero; No active offer; Address absent or area-only","Not independently established; no deletion","Not independently re-geocoded"
"7c930322-6d63-47ba-9900-342ebf65e7cf","The Street Social","melbourne","C","Harbour Esplanade, Docklands VIC 3008","0","false","true","","No rights-cleared hero; No active offer; Category missing; Website missing","Not independently established; no deletion","Not independently re-geocoded"
"15367987-dc9a-4f26-ab02-50754f8bcc55","MECCA Bourke Street","Melbourne","B","299 Bourke Street, Melbourne VIC 3000","0","false","true","https://www.mecca.com/en-au/stores/mecca-bourke-street-L098/","No rights-cleared hero; No active offer","Not independently established; no deletion","Not independently re-geocoded"
"e5ba931f-a6b2-44a4-b4c4-ec7dc859e321","MECCA Melbourne Central","Melbourne","B","Ground Level, Melbourne Central Shopping Centre, 211 La Trobe Street, Melbourne VIC 3000","0","false","true","https://www.mecca.com/en-au/stores/mecca-melbourne-central-L224/","No rights-cleared hero; No active offer","Not independently established; no deletion","Not independently re-geocoded"
"b0fde2e0-cb37-4f6a-92e1-a2c693a46749","Nike Melbourne Central","Melbourne","B","Shop L02 244, Melbourne Central Shopping Centre, 211 La Trobe Street, Melbourne VIC 3000","0","false","true","https://www.nike.com/retail/s/nike-melbourne-central","No rights-cleared hero; No active offer","Not independently established; no deletion","Not independently re-geocoded"
"b1eeea90-a18d-484e-8337-a3bd840abb56","SEPHORA Melbourne Central","Melbourne","B","Shop 103, Melbourne Central, 211 La Trobe Street, Melbourne VIC 3000","0","false","true","https://www.sephora.com.au/store-locations","No rights-cleared hero; No active offer","Not independently established; no deletion","Not independently re-geocoded"
"b727f3ef-d8f6-43a7-8ef2-462f10fff66f","UNIQLO Emporium Melbourne","Melbourne","B","269-321 Lonsdale Street, Melbourne VIC 3000","0","false","true","https://www.emporiummelbourne.com.au/stores/uniqlo","No rights-cleared hero; No active offer","Not independently established; no deletion","Not independently re-geocoded"
"ffc38635-221c-4c6c-a801-5dbb8a0e479b","Monarto Safari Park","Monarto","B","63 Monarto Road, Monarto SA 5254","0","false","false","https://www.monartosafari.com.au/","No rights-cleared hero; No active offer","Not independently established; no deletion","Not independently re-geocoded"
"f44c0de0-4b93-4c26-a4c5-e9d5866b1249","Mount Barker Community Library","Mount Barker","C","5 Dumas Street, Mount Barker SA 5251","0","false","false","https://www.mountbarker.sa.gov.au/community/library","No rights-cleared hero; No active offer; Category missing; Website needs manual fetch review","Not independently established; no deletion","Not independently re-geocoded"
"4f770d28-daef-4824-ac28-9e0e0b744f90","Art Gallery of Western Australia","perth","A","Perth Cultural Centre, Perth WA","1","false","true","","No rights-cleared hero; Address absent or area-only; Category missing; Website missing","Not independently established; no deletion","Not independently re-geocoded"
"74e3524f-838b-4503-8551-8e07929bd91a","Aspects of Kings Park","perth","B","Fraser Avenue, Kings Park, WA, 6005","0","false","true","https://www.aspectsofkingspark.com.au/","No rights-cleared hero; No active offer","Not independently established; no deletion","Not independently re-geocoded"
"1e71d1fb-915b-4f2b-a189-b50162a60187","Aurea Hotel","perth","B","166 Mounts Bay Road, WA","0","false","true","https://aureahotel.com.au/","No rights-cleared hero; No active offer","Not independently established; no deletion","Not independently re-geocoded"
"46f4d161-a2f3-4fc7-9687-0accc33d4647","City of Perth / Tourism WA","perth","A","Elizabeth Quay, The Esplanade, Perth WA 6000","1","false","true","","No rights-cleared hero; Website missing","Not independently established; no deletion","Not independently re-geocoded"
"a381e32a-a3f2-4454-9e36-b3390982e2fc","Freshwater Bay Museum","perth","B","66 Victoria Avenue, WA","0","false","true","https://www.claremont.wa.gov.au/places/museum/","No rights-cleared hero; No active offer","Not independently established; no deletion","Not independently re-geocoded"
"2129f5ae-ddd2-426d-8a3f-2dee14d0ea40","Harvey Norman","perth","C","WA","0","false","true","https://www.harveynorman.com.au/","No rights-cleared hero; No active offer; Address absent or area-only","Not independently established; no deletion","Not independently re-geocoded"
"e0abd24c-22ea-40e8-972f-e498fb3b2fb0","Hotel Rottnest","perth","B","1 Bedford Avenue, Rottnest Island, WA, 6161","0","false","true","https://www.hotelrottnest.com.au/","No rights-cleared hero; No active offer","Not independently established; no deletion","Not independently re-geocoded"
"32a7a0cc-4768-4ccf-918f-4552bbce83e3","Hungry Jack's","perth","C","WA","0","false","true","https://www.hungryjacks.com.au/home","No rights-cleared hero; No active offer; Address absent or area-only; Possible duplicate identity; do not merge automatically","Not independently established; no deletion","Not independently re-geocoded"
"a35b2697-d919-4bb0-87e1-d5d7b8a85809","Hungry Jack's","perth","C","WA","0","false","true","https://www.hungryjacks.com.au/home","No rights-cleared hero; No active offer; Address absent or area-only; Possible duplicate identity; do not merge automatically","Not independently established; no deletion","Not independently re-geocoded"
"cba65e34-76d8-41bf-adc7-1d89c228897b","Lazer Blaze","perth","C","WA","0","false","true","https://www.lazerblaze.com.au/","No rights-cleared hero; No active offer; Address absent or area-only","Not independently established; no deletion","Not independently re-geocoded"
"80a4c1df-f0c8-4ed2-bcd2-42fa297d8e20","Little Creatures","perth","B","40 Mews Road, Fremantle, WA, 6160","0","false","true","https://www.littlecreatures.com.au/","No rights-cleared hero; No active offer","Not independently established; no deletion","Not independently re-geocoded"
"e45971ff-70ab-4c97-a6df-ee5ae6e4f4c7","Margot's Perth","perth","C","","0","false","false","https://margots.com.au/functions-and-events/","No rights-cleared hero; No active offer; Address absent or area-only","Not independently established; no deletion","Not independently re-geocoded"
"732fcf25-8b1e-49ff-8414-2c87c85b4302","New Edge Hair & Beauty","perth","B","163 Gildercliffe Street, WA","0","false","true","https://www.newedgehb.com/","No rights-cleared hero; No active offer","Not independently established; no deletion","Not independently re-geocoded"
"961ee30c-b9b6-40b5-b2c1-7b0b6475a8ec","Nikola Estate","perth","B","148 Dale Road, WA","0","false","true","https://nikolaestate.com.au/","No rights-cleared hero; No active offer","Not independently established; no deletion","Not independently re-geocoded"
"b3556708-2107-42dd-bf63-d27792227e31","Oporto","perth","B","Ranford Road, Canning Vale, WA, 6155","0","false","true","https://www.oporto.com.au/locations/canning-vale/","No rights-cleared hero; No active offer","Not independently established; no deletion","Not independently re-geocoded"
"e011fcd0-2701-461c-a799-792a219661d8","Perth City Farm","perth","C","Perth City Farm, 1 City Farm Place, East Perth WA 6004","0","false","true","","No rights-cleared hero; No active offer; Category missing; Website missing","Not independently established; no deletion","Not independently re-geocoded"
"e188ef9c-d802-4094-a8d6-07a290436ffc","Planet Royale","perth","C","","0","false","false","https://www.planetroyale.com.au/functions","No rights-cleared hero; No active offer; Address absent or area-only","Not independently established; no deletion","Not independently re-geocoded"
"2a841082-3068-4f85-9eb3-0e2570d981c1","Pot Black","perth","B","106 James Street, Northbridge, WA, 6003","0","false","true","https://pbcentre.com.au/northbridge/","No rights-cleared hero; No active offer","Not independently established; no deletion","Not independently re-geocoded"
"977b49d8-caa6-420d-9676-eb00c10ffc2a","Reading Cinema Belmont","perth","C","WA","0","false","true","https://readingcinemas.com.au/locations/theatre/belmont","No rights-cleared hero; No active offer; Address absent or area-only","Not independently established; no deletion","Not independently re-geocoded"
"6c62f896-488d-480c-bd9a-fa56b919f04c","Ready Team One","perth","B","Level 1, 255 Murray Street Mall, Perth WA 6000","0","false","true","https://readyteamone.com/","No rights-cleared hero; No active offer","Not independently established; no deletion","Not independently re-geocoded"
"55b3693e-0ce9-4fa5-a196-18f734a4cbe5","Sandalford Winery","perth","B","3210 West Swan Road, Caversham, WA, 6055","0","false","true","https://www.sandalford.com/","No rights-cleared hero; No active offer","Not independently established; no deletion","Not independently re-geocoded"
"25d30966-922d-4c70-939c-0875c56f3753","State Library of Western Australia","perth","C","State Library of WA, Perth Cultural Centre, 25 Francis Street","0","false","true","","No rights-cleared hero; No active offer; Category missing; Website missing","Not independently established; no deletion","Not independently re-geocoded"
"f49274f8-2bd4-429d-b351-3faf8aef1513","The Best Brew Bar & Kitchen","perth","B","707 Wellington Street, Perth WA 6000","0","false","true","https://www.thebestbrew.com.au/","No rights-cleared hero; No active offer","Not independently established; no deletion","Official address reviewed"
"b94ec011-baab-49bd-8cfd-5cd6b4cbd290","The Best Drop Tavern","perth","C","WA","0","false","true","https://thebestdroptavern.com.au/","No rights-cleared hero; No active offer; Address absent or area-only","Not independently established; no deletion","Not independently re-geocoded"
"0cb3cd8d-8a75-4e9d-bdd9-3453bbc40129","The Boat Mindarie","perth","B","33 Ocean Falls Boulevard, Mindarie WA 6030","0","false","true","https://themarinamindarie.com/the-boat/","No rights-cleared hero; No active offer","Not independently established; no deletion","Official address reviewed"
"37fda37e-0dd2-4ac8-a162-d0e4be05df0f","The Kalamunda Hotel","perth","B","43 Railway Road, Kalamunda, WA, 6076","0","false","true","https://www.kalamundahotel.com.au/","No rights-cleared hero; No active offer","Not independently established; no deletion","Not independently re-geocoded"
"8c4c418d-369e-4e2e-b9d0-8194a1001496","Universal Bar","perth","C","","0","false","false","https://www.universalbar.com.au/functions/","No rights-cleared hero; No active offer; Address absent or area-only","Not independently established; no deletion","Not independently re-geocoded"
"7d982ec9-e6bb-4882-948f-0c5e1b4e33e6","Volona and Associates","perth","C","WA","0","false","true","https://www.volona.com.au/","No rights-cleared hero; No active offer; Address absent or area-only","Not independently established; no deletion","Not independently re-geocoded"
"b7b8bf6b-4992-403b-89ee-6c511f4e52c5","Kilnfolk","Richmond","C","Richmond, VIC","0","false","false","https://www.kilnfolk.au/","No rights-cleared hero; No active offer; Address absent or area-only","Not independently established; no deletion","Not independently re-geocoded"
"bbaf82b9-93f3-47e3-8346-a13f71796bb3","Australian Museum","sydney","A","1 William Street, Sydney NSW","1","false","true","","No rights-cleared hero; Category missing; Website missing","Not independently established; no deletion","Not independently re-geocoded"
"bf6a17e9-61ec-400e-a28e-63adf031a505","Barangaroo","sydney","A","Watermans Cove, Barangaroo NSW","1","false","true","","No rights-cleared hero; Address absent or area-only; Category missing; Website missing","Not independently established; no deletion","Not independently re-geocoded"
"49c34509-7bfb-432f-8ecd-c363cc1e2191","Belvoir Theatre","sydney","B","25 Belvoir Street, NSW","0","false","true","https://belvoir.com.au/","No rights-cleared hero; No active offer","Not independently established; no deletion","Not independently re-geocoded"
"35aa4ec1-f2e8-42bc-9db0-efbb3d4deb0d","Bristol Arms","sydney","B","81 Sussex Street, Sydney, NSW, 2000","0","false","true","http://www.thebristolarms.com.au/","No rights-cleared hero; No active offer","Not independently established; no deletion","Not independently re-geocoded"
"34161111-980c-410c-9ebc-d96578417640","Burnt Orange","sydney","C","","0","false","false","https://www.burntorange.com.au/","No rights-cleared hero; No active offer; Address absent or area-only","Not independently established; no deletion","Not independently re-geocoded"
"db866c71-cd5a-461b-9084-49c0594d3aa5","Burragula Lookout","sydney","C","NSW","0","false","true","https://www.nationalparks.nsw.gov.au/things-to-do/lookouts/burragula-lookout","No rights-cleared hero; No active offer; Address absent or area-only","Not independently established; no deletion","Not independently re-geocoded"
"230242fd-a4db-4e25-b333-0e2c56ecfa91","Centennial Homestead","sydney","C","NSW","0","false","true","https://centennialhomestead.com.au/","No rights-cleared hero; No active offer; Address absent or area-only","Not independently established; no deletion","Not independently re-geocoded"
"60bf192f-82cd-4889-8416-6941701a4bf9","City of Sydney","sydney","C","Ultimo Community Centre, 40 William Henry Street, Ultimo NSW","0","false","true","","No rights-cleared hero; No active offer; Category missing; Website missing","Not independently established; no deletion","Not independently re-geocoded"
"be977247-2c35-4921-80c8-e1cb383db4f8","Hotel Hacienda","sydney","B","179 Cleveland Street, NSW","0","false","true","https://hotelhacienda.com.au/","No rights-cleared hero; No active offer","Not independently established; no deletion","Not independently re-geocoded"
"9c9b0915-306e-4835-a12b-d8f46d134126","Hotel Ibis Sydney World Square","sydney","B","384 Pitt Street, NSW","0","false","true","https://www.ibissydneyworldsquare.com.au/","No rights-cleared hero; No active offer","Not independently established; no deletion","Not independently re-geocoded"
"5d1e055b-f963-4e4f-b9c3-0de11f9db34f","Hugos Manly","sydney","C","","0","false","false","https://hugosmanly.com.au/","No rights-cleared hero; No active offer; Address absent or area-only","Not independently established; no deletion","Not independently re-geocoded"
"0c2240de-e28b-44be-bb41-e1a08cec8090","Hurricane's Grill Circular Quay","sydney","B","L202–L203 Gateway Building, 1 Macquarie Place, Sydney NSW 2000","0","false","true","https://hurricanesgrillrestaurants.com.au/circular-quay/","No rights-cleared hero; No active offer","Not independently established; no deletion","Official address reviewed"
"51d3df07-6518-422d-9292-7bfb32a810cd","Justice & Police Museum","sydney","C","NSW","0","false","true","https://mhnsw.au/visit-us/justice-and-police-museum/","No rights-cleared hero; No active offer; Address absent or area-only","Not independently established; no deletion","Not independently re-geocoded"
"52a27cea-d810-4aff-8cde-dcc6f3ffe598","O Bar and Dining","sydney","C","","0","false","false","https://www.obardining.com.au/","No rights-cleared hero; No active offer; Address absent or area-only","Not independently established; no deletion","Not independently re-geocoded"
"52b7a0c7-4867-4e23-920c-eee9d74c010b","Orangetheory Fitness","sydney","B","366 Darling Street, NSW","0","false","true","https://www.orangetheory.com/en-au","No rights-cleared hero; No active offer","Not independently established; no deletion","Not independently re-geocoded"
"3cf3c7a9-88ad-477d-98cd-5be10988511f","Panania Revesby Massage","sydney","B","42 Anderson Avenue, NSW","0","false","true","https://www.nearbymassage.com.au/panania-revesby-massage/","No rights-cleared hero; No active offer","Not independently established; no deletion","Not independently re-geocoded"
"4579be74-4caf-499a-84b3-24c1d1e3c7cb","Prithvi The Core Fitworx","sydney","B","74 Hawkesbury Road, Westmead, NSW, 2145","0","false","true","https://www.facebook.com/login/?next=https%3A%2F%2Fwww.facebook.com%2FPRITHVI-The-core-FITworX-382633218840072%2F","No rights-cleared hero; No active offer","Not independently established; no deletion","Not independently re-geocoded"
"c86d4675-ba36-4851-937c-73d15bcede24","Saint Germaine Patisserie","sydney","B","88 Rosehill Street, Redfern, NSW, 2016","0","false","true","https://saintgermainpatisserie.com.au/","No rights-cleared hero; No active offer","Not independently established; no deletion","Not independently re-geocoded"
"d3d74211-746f-41b7-b62f-e758c3ad73bf","State Theatre","sydney","B","49 Market Street, Sydney, NSW","0","false","true","https://www.statetheatre.com.au/","No rights-cleared hero; No active offer","Not independently established; no deletion","Not independently re-geocoded"
"4c1c0664-dac4-430f-a12d-4694793d0483","Steersons Steakhouse","sydney","B","17 Lime Street, King Street Wharf, Sydney NSW 2000","0","false","true","https://steersons.com/","No rights-cleared hero; No active offer","Not independently established; no deletion","Official address reviewed"
"fb26ef86-487d-4e49-a5f3-64d1e08f4cb1","Sydney Comedy School","sydney","C","The Chippo Hotel, 87–91 Abercrombie St, Chippendale NSW","0","false","true","","No rights-cleared hero; No active offer; Category missing; Website missing","Not independently established; no deletion","Not independently re-geocoded"
"6cf9f939-5caa-4e1e-a018-51b16c7950d2","Tayloring Your Hair","sydney","B","326-336 Great Western Highway, Wentworthville, NSW, 2145","0","false","true","https://tayloringyourhair.com.au/","No rights-cleared hero; No active offer","Not independently established; no deletion","Not independently re-geocoded"
"f96e1a9e-8a5d-4eb5-ae7c-34f7937e7a4a","The Camperdown Hotel","sydney","B","138 Parramatta Road, Camperdown, NSW, 2050","0","false","true","https://www.camperdownhotel.com.au/","No rights-cleared hero; No active offer","Not independently established; no deletion","Not independently re-geocoded"
"dc951522-9dd4-48f0-b634-75fbfd429995","The Irish Shop","sydney","B","242 Parramatta Road, Stanmore, NSW, 2048","0","false","true","https://irishshop.com.au/","No rights-cleared hero; No active offer","Not independently established; no deletion","Not independently re-geocoded"
"97718e00-18e9-4931-9341-e4684e1cc8f5","The Lord Gladstone","sydney","B","115 Regent Street, NSW","0","false","true","https://www.lordgladstone.com.au/","No rights-cleared hero; No active offer","Not independently established; no deletion","Not independently re-geocoded"
"b2704dee-1ebb-4980-bbf2-8e1b66b67bc9","Waverley Council","sydney","C","Bondi Beach and Bondi Park, Bondi Beach NSW 2026","0","false","true","","No rights-cleared hero; No active offer; Website missing","Not independently established; no deletion","Not independently re-geocoded"
"f08ec0f3-9744-49f6-941b-2e7c287bab50","Waverley Council / NSW Department of Education","sydney","A","Bondi Pavilion, Queen Elizabeth Drive, Bondi Beach NSW 2026","1","false","true","","No rights-cleared hero; Category missing; Website missing","Not independently established; no deletion","Not independently re-geocoded"
"e39f6fcf-70a3-42d5-a67f-b607d42adfc7","Ngutungka West Lakes","West Lakes","B","9 Charles Street, West Lakes SA 5021","0","false","false","https://www.charlessturt.sa.gov.au/community/library/our-libraries/ngutungka-west-lakes","No rights-cleared hero; No active offer; Website needs manual fetch review","Not independently established; no deletion","Not independently re-geocoded"
