"id","business","offer","window","condition","sourceLabel","source","verified","rights","location","approval","action","url"
"UNION-PARMI-PINT","Union Hotel","$25 parmi & pint — Monday and Tuesday","Mon/Tue 17:00–21:00; ongoing, no stated expiry","$25 combination; ask eligible pint options; no lunch-discount stacking","Supplied artwork","https://perkdrop.au/images/pilot/union-parmi.png","2026-09-14","Venue-supplied artwork; uncropped","70 Waymouth St; existing pin retained","Supplied by venue; not a new PerkDrop partnership","Confirm/order with venue","https://perkdrop.au/deals/union-parmi-pint"
"UNION-FRIDAY-STEAK","Union Hotel","$28 Friday steak night","Fri 17:00–21:00; ongoing, no stated expiry","$28; cut/accompaniments must be confirmed; no drink inclusion promised","Supplied artwork","https://perkdrop.au/images/pilot/union-steak.png","2026-09-14","Venue-supplied artwork; uncropped","70 Waymouth St; existing pin retained","Supplied by venue; not a new PerkDrop partnership","Confirm/order with venue","https://perkdrop.au/deals/union-friday-steak"
"UNION-HOTEL-LUNCH-20-OFF","Union Hotel","20% OFF LUNCH ONLY","Mon–Thu 11:30–14:30; existing campaign","20% off eligible food; drink purchase; excludes drinks/specials; party 1–6; 20 diners/service","Official menu + existing venue approval","https://www.theunionhotel.com.au/eat","2026-09-07","Existing approved campaign preserved; not newly re-cleared","70 Waymouth St; existing pin retained","Venue-approved lunch campaign; not a claimed owner","PerkDrop booking-first; live capacity controls","https://perkdrop.au/deals/union-hotel-20-off-lunch"
"PD-2026-0008","Art Gallery of South Australia","Free gallery entry and free exhibitions","Daily 10:00–17:00; general entry","FREE general entry; major exhibitions/events may cost extra","Official AGSA page","https://www.agsa.sa.gov.au/visit/bookings-and-tickets/","2026-09-14","CC BY-SA 4.0 exterior; historical banner labelled","North Terrace, AGSA; existing pin retained","Public source only; no owner claim","Visit; check separate exhibition tickets","https://perkdrop.au/deals/pd-2026-0008-free-gallery-entry-and-free-exhibitions"
"PD-2026-0072","Art Gallery of South Australia","Monet to Matisse: Defying Tradition","Daily 10:00–17:00; exhibition ends 8 Nov","Adult timed ticket $30; flexi/concessions differ","Official AGSA page","https://www.agsa.sa.gov.au/whats-on/exhibitions/monet-to-matisse-defying-tradition/","2026-09-14","CC BY-SA 4.0 exterior; not current exhibition imagery","AGSA, North Terrace; existing pin retained","Public source only; no owner claim","Book timed tickets with AGSA","https://perkdrop.au/deals/pd-2026-0072-monet-to-matisse-defying-tradition"
"PD-2026-0063","Art Gallery of South Australia","Monet to Matisse Friday Nights","Fri 17:30–20:30; admission ends 20:00; listed through 6 Nov","$45; online booking only; actual ticket availability at AGSA","Official AGSA event","https://www.agsa.sa.gov.au/whats-on/exhibitions/monet-to-matisse-defying-tradition/monet-to-matisse-friday-nights/","2026-09-14","CC BY-SA 4.0 exterior; historical banner labelled","AGSA, North Terrace; existing pin retained","Public source only; no owner claim","Book online with AGSA","https://perkdrop.au/deals/pd-2026-0063-monet-to-matisse-friday-nights"
"PD-2026-0009","South Australian Museum","Free museum entry","Daily 10:00–17:00; holiday exceptions","FREE general entry; special exhibitions may cost extra","Official museum page","https://www.samuseum.sa.gov.au/","2026-09-10 (retained)","CC BY 2.0; entrance photo dated 2011","Museum, North Terrace; existing pin retained","Public source only; no owner claim","Visit; check special-exhibition tickets","https://perkdrop.au/deals/pd-2026-0009-free-museum-entry"
"PD-2026-0005","Adelaide Botanic Garden","Free entry every day","September weekdays 07:15–17:30; weekends 09:00–17:30","FREE daytime entry; selected events cost extra; October hours differ","Official garden visitor guide","https://www.botanicgardens.sa.gov.au/visit/adelaide-botanic-garden/plan-your-visit","2026-09-14","CC0 entrance photo; dated 2010","North Terrace garden entrance; existing pin retained","Public source only; no owner claim","Visit via official visitor guide","https://perkdrop.au/deals/pd-2026-0005-free-entry-every-day"
"PD-2026-0006","Adelaide Botanic Garden","Free daily guided garden walk","Daily 10:30–12:00; recurring volunteer-led walk","FREE; 5+ arrange booking; 36°C+ cancellation; no Good Friday/Christmas","Official garden walk page","https://www.botanicgardens.sa.gov.au/whats-on/free-guided-walks-adelaide-botanic-garden-2","2026-09-14","CC0 entrance photo; not a photo of the walk","Meet Schomburgk Pavilion; garden pin is not certified meeting-point guidance","Public source only; no owner claim","Small groups meet at pavilion; 5+ arrange booking","https://perkdrop.au/deals/pd-2026-0006-free-daily-guided-garden-walk"
